{"cameraMode":{"drawMode":0,"name":"Shaded","section":"Shading Mode"},"sceneLighting":true,"audioPlay":false,"sceneViewState":{"showFog":true,"showMaterialUpdate":false,"showSkybox":true,"showFlares":true,"showImageEffects":true,"showParticleSystems":true},"in2DMode":false,"pivot":{"x":-4.071066856384277,"y":-47.239723205566409,"z":-5.929019927978516},"rotation":{"x":-0.0006570002879016101,"y":0.8360216617584229,"z":-0.548703134059906,"w":-0.0010034218430519105},"size":58.72944259643555,"orthographic":false}